id,g,fi,pn,type,rate,asof,fee,feeMode,feeVal,hosho,hoshoVal,dan,note,warn,url,source
kagin,鹿児島,鹿児島銀行,かぎん住宅ローン プレミアム（変動）,v,1.6,2026/8,"借入額×2.2% or 定額55,000円",rate,2.2,0円（手数料型）,0,がん保障付団信 上乗せなし・3大疾病+0.1%,2026年7月返済分から変動+0.25%改定済。10年固定3.10%,比較サイト値・最新は公式要確認,https://www.kagin.co.jp/kojin/loan/102_301.html,各金融機関公式サイト・比較サイト（2026年8月時点）
nangin,鹿児島,南日本銀行,なんぎん住宅ローン（変動）,v,1.3,2026/8,要確認,fixed,0,別途あり,0,がん保証付団信無料・8大疾病+0.1%,公式金利ボードの最優遇。店頭基準4.15%。10年固定2.55%,,https://www.nangin.jp/,各金融機関公式サイト・比較サイト（2026年8月時点）
kasooshin,鹿児島,鹿児島相互信用金庫,しんきん住宅ローン（変動）,v,1.1,2026/8,窓口照会,fixed,0,別途あり,0,要確認,公式（2026年8月1日現在）の引下げ後最優遇。10年固定3.00%（最大▲0.3%引下げあり）,,https://www.kasooshin.co.jp/,各金融機関公式サイト・比較サイト（2026年8月時点）
kashin,鹿児島,鹿児島信用金庫,かしん住宅ローン（全国保証付・変動）,v,1.3,2026/8,窓口照会,fixed,0,別途あり,0,一般・がん団信 上乗せなし、3大疾病+0.1%,公式は金利非公開（窓口照会）。表示は参考推定値。夫婦連生団信あり,金利は窓口で要確認,https://www.kashin.co.jp/,各金融機関公式サイト・比較サイト（2026年8月時点）
miyagin,九州の地銀,宮崎銀行,みやぎん住宅ローン「満額快答」プレミアム（変動）,v,0.975,2026/8,融資手数料型（定率2.2%）／定額型1.600%,rate,2.2,0円（手数料型）,0,要確認,公式（2026/8/3現在）。定率型1.410%・定額型1.600%,,https://www.miyagin.co.jp/kojin/loan/housing/,各金融機関公式サイト・比較サイト（2026年8月時点）
taiyo,九州の地銀,宮崎太陽銀行,住宅ローン（変動）,v,1.075,2026/7,保証料 一括 or 金利+0.10〜0.40%,fixed,0,別途あり,0,がん・3大疾病・8大疾病タイプあり,移住者応援で▲0.1%あり,最新値 要確認,https://www.taiyobank.co.jp/individual/loan/housing/lineup/,各金融機関公式サイト・比較サイト（2026年8月時点）
higo,九州の地銀,肥後銀行,住宅ローンプレミアムプラン（手数料定率型・変動）,v,1.125,2026/8,"借入額×2.2% or 定額55,000円",rate,2.2,0円,0,がん保障プラン無料付帯・3大疾病+0.30%,10年固定3.50%（手数料定額型）,比較サイト値・最新は公式要確認,https://www.higobank.co.jp/,各金融機関公式サイト・比較サイト（2026年8月時点）
kumamoto,九州の地銀,熊本銀行,プレミアム住宅ローン（融資手数料型・変動）,v,1.275,2026/8,借入額×2.2%（保証会社手数料5.5万円含む）,rate,2.2,0円,0,がん保障付団信無料（診断で残高0円）・8大疾病+0.1%,FFG（福岡銀行・十八親和銀行）と同水準,,https://www.kumamotobank.co.jp/,各金融機関公式サイト・比較サイト（2026年8月時点）
oita,九州の地銀,大分銀行,夢ホーム100% プレミアム金利（変動）,v,1.145,2026/8,要確認,fixed,0,要確認,0,要確認,公式（2026/8/3現在）。特別金利1.300%・通常3.375%。10年固定プレミアム2.40%,,https://www.oitabank.co.jp/,各金融機関公式サイト・比較サイト（2026年8月時点）
howa,九州の地銀,豊和銀行,さわやかスーパー住宅ローン（変動）,v,1.2,2026/8,"93,500円（定額）",fixed,93500,一括 or 分割,0,基本団信 銀行負担・がん特約+0.1%,"一部繰上返済は22,000〜44,000円",参考値・最新は公式要確認,https://www.howabank.co.jp/,各金融機関公式サイト・比較サイト（2026年8月時点）
fukuoka,福岡・佐賀・長崎,福岡銀行,プレミアム住宅ローン（融資手数料型・変動）,v,1.275,2026/8,借入額×2.2%（保証会社手数料5.5万円含む）,rate,2.2,0円,0,一般団信＋がん保障特約 無料・8大疾病+0.1%,10年固定3.65%（保証料一括型）,,https://www.fukuokabank.co.jp/,各金融機関公式サイト・比較サイト（2026年8月時点）
ncb,福岡・佐賀・長崎,西日本シティ銀行,住宅ローン アドバンス プレミア（変動）,v,1.125,2026/8,"55,000円（定額）",fixed,55000,別途あり（分割は金利+0.2〜0.5%）,0,一般団信無料・11疾病保障+0.1%,金利優遇割 最大適用・物件価格80%以内等の条件（〜1.625%）,,https://www.ncbank.co.jp/,各金融機関公式サイト・比較サイト（2026年8月時点）
kitakyushu,福岡・佐賀・長崎,北九州銀行,融資手数料型住宅ローン（変動）,v,1.02,2026/8,"55,000円（定額）",fixed,55000,年0.1〜0.6%,0,がん保障特約付 上乗せなし,変動1.02〜1.15%（2026/8/1〜8/31適用）,,https://www.kitakyushubank.co.jp/,各金融機関公式サイト・比較サイト（2026年8月時点）
fukuokachuo,福岡・佐賀・長崎,福岡中央銀行,ふくちゅうプレミアム住宅ローン（変動）,v,0.775,2026/8,借入額×2.2%（保証会社手数料5.5万円含む）,rate,2.2,0円,0,一般団信無料・8大疾病+0.1%,子どもの人数に応じ最大▲0.2%等の割引あり,旧値の可能性・公式要確認,https://www.fukuokachuo-bank.co.jp/,各金融機関公式サイト・比較サイト（2026年8月時点）
saga,福岡・佐賀・長崎,佐賀銀行,住宅ローン 手数料型（変動）,v,1,2026/8,融資時に手数料一括,fixed,0,0円（手数料型）,0,要確認,公式（2026/8/1現在）。保証料型は1.05%〜。10年固定3.60%,,https://www.sagabank.co.jp/,各金融機関公式サイト・比較サイト（2026年8月時点）
kyoei,福岡・佐賀・長崎,佐賀共栄銀行,住宅ローン（変動）,v,1.382,2026/8,要確認,fixed,0,別途あり,0,3大疾病保障特約付は+0.4%,公式（2026/8/1現在）一般団信付の適用金利,,https://www.kyogin.co.jp/,各金融機関公式サイト・比較サイト（2026年8月時点）
shinwa18,福岡・佐賀・長崎,十八親和銀行,プレミアム住宅ローン（融資手数料型・変動）,v,1.275,2026/8,借入額×2.2%（保証会社手数料5.5万円含む）,rate,2.2,0円,0,一般団信＋がん保障特約 無料・8大疾病+0.1%,給振・アプリ登録等が優遇条件（2026/8/1〜8/31適用）,,https://www.18shinwabank.co.jp/,各金融機関公式サイト・比較サイト（2026年8月時点）
nagasaki,福岡・佐賀・長崎,長崎銀行,ながさき住宅ローン アドバンス プレミア（変動）,v,1.125,2026/8,要確認,fixed,0,保証料込,0,要確認,公式（2026/8/10現在）。一般住宅ローンの基準は変動3.775%,,https://www.nagasakibank.co.jp/,各金融機関公式サイト・比較サイト（2026年8月時点）
rokin,労金・JA,九州労働金庫,住宅ローン（不動産担保・変動）,v,0.625,2026/8,定率型／定額型 選択制,fixed,0,金利+0.10〜0.20% or 一括前払い,0,要確認,公式（2026/8/20現在）の最優遇。会員条件等で変動。10年固定1.65%＝九州最低水準クラス,,https://kyusyu.rokin.or.jp/,各金融機関公式サイト・比較サイト（2026年8月時点）
ja_kagoshima,労金・JA,JAバンク鹿児島,JA住宅ローン（変動）,v,1.3,2026/8,JAにより異なる,fixed,0,JAにより異なる,0,3大疾病・9大疾病プランあり,金利は所属JA（お住まい・お勤め先）で異なるため県域一律の公表なし。表示は参考推定値,金利は各JAで要確認,https://www.kagoshima.ja-bank.jp/,各金融機関公式サイト・比較サイト（2026年8月時点）
docomo_smtb,ネット銀行,ドコモSMTBネット銀行（旧住信SBI）,通期引下げプラン（変動）,v,1.2,2026/8,借入額×2.2%,rate,2.2,0円,0,スゴ団信（40歳未満 3大疾病50%無料）,2026年8月に商号変更・8月実行分は+0.25%。環境配慮型 or 融資率80%以下,,https://www.netbk.co.jp/,各金融機関公式サイト・比較サイト（2026年8月時点）
jibun,ネット銀行,auじぶん銀行,全期間引下げプラン（変動）,v,1.134,2026/8,借入額×2.2%,rate,2.2,0円,0,がん50%保障団信 無料,一般団信限定なら1.080%。au金利優遇割で最大▲0.15%,,https://www.jibunbank.co.jp/,各金融機関公式サイト・比較サイト（2026年8月時点）
aeon,ネット銀行,イオン銀行,定率型手数料コース（変動）,v,0.99,2026/8,借入額×2.2%,rate,2.2,0円,0,一般団信無料,物件価格80%以内。九州各地のイオン店舗で相談可,,https://www.aeonbank.co.jp/,各金融機関公式サイト・比較サイト（2026年8月時点）
sbi_shinsei,ネット銀行,SBI新生銀行,変動フォーカス（変動）,v,1.06,2026/8,借入額×2.2%,rate,2.2,0円,0,一般団信無料,SBIハイパー預金連携で▲0.09%優遇あり,,https://www.sbishinseibank.co.jp/,各金融機関公式サイト・比較サイト（2026年8月時点）
paypay,ネット銀行,PayPay銀行,全期間引下げ（変動）,v,1.33,2026/8,借入額×2.2%,rate,2.2,0円,0,一般団信無料＋がん先進医療特約,ネット完結,,https://www.paypay-bank.co.jp/,各金融機関公式サイト・比較サイト（2026年8月時点）
sony,ネット銀行,ソニー銀行,変動セレクト住宅ローン（変動）,v,1.347,2026/8,借入額×2.2%,rate,2.2,0円,0,がん団信50 無料,,,https://moneykit.net/,各金融機関公式サイト・比較サイト（2026年8月時点）
rakuten,ネット銀行,楽天銀行,金利選択型（変動）,v,1.543,2026/8,"330,000円（定額）",fixed,330000,0円,0,一般団信無料（がん50%保障付）,手数料定額＝大型借入で有利。8月に+0.043%,,https://www.rakuten-bank.co.jp/,各金融機関公式サイト・比較サイト（2026年8月時点）
mufg,メガ・フラット35,三菱UFJ銀行,住宅ローン（変動・最優遇）,v,0.945,2026/8,借入額×2.2%,rate,2.2,0円,0,一般団信無料,8月は据え置き。メガバンク最低水準。福岡・熊本・鹿児島に拠点,,https://www.bk.mufg.jp/,各金融機関公式サイト・比較サイト（2026年8月時点）
resona,メガ・フラット35,りそな銀行,住宅ローン（融資手数料型・変動）,v,0.95,2026/8,借入額×2.2%,rate,2.2,0円,0,一般団信無料（団信革命は上乗せ）,,,https://www.resonabank.co.jp/,各金融機関公式サイト・比較サイト（2026年8月時点）
mizuho,メガ・フラット35,みずほ銀行,住宅ローン（ネット借入・変動）,v,1.025,2026/8,借入額×2.2%,rate,2.2,別途あり,0,一般団信無料,福岡・熊本・鹿児島に支店あり,,https://www.mizuhobank.co.jp/,各金融機関公式サイト・比較サイト（2026年8月時点）
smbc,メガ・フラット35,三井住友銀行,住宅ローン（WEB申込専用・変動）,v,1.275,2026/8,借入額×2.2%,rate,2.2,0円,0,一般団信無料,WEB申込は全国対応,,https://www.smbc.co.jp/,各金融機関公式サイト・比較サイト（2026年8月時点）
flat35,メガ・フラット35,フラット35（住宅金融支援機構）,フラット35 買取型（全期間固定）,f,3.29,2026/8,借入額×1.1〜2.2%,rate,1.1,0円,0,新機構団信込みが標準,21〜35年・融資率9割以下の最頻（前月比+0.15%）。子育てプラス＝子1人▲0.25%・2人▲0.50%・3人▲0.75%（当初5年）、若年夫婦▲0.25%、S等併用で最大▲1.0%。九州窓口＝各地銀・JA・ARUHI等,手数料は取扱金融機関で異なる,https://www.flat35.com/,各金融機関公式サイト・比較サイト（2026年8月時点）
flat20,メガ・フラット35,フラット20（住宅金融支援機構）,フラット20 買取型（15〜20年固定）,f,2.97,2026/8,借入額×1.1〜2.2%,rate,1.1,0円,0,新機構団信込み,返済期間20年以内の全期間固定,,https://www.flat35.com/,各金融機関公式サイト・比較サイト（2026年8月時点）
